epoch,train loss,validation loss,wall time (seconds)
0,0.1222287267446518,0.11710090935230255,0.16803220000019792
1,1.4734771251678467,1.4758329391479492,0.3290530000003855
2,1.434023141860962,1.4456682205200195,0.4787163999999393
